age,income,loan_amount,loan_term,credit_score,repayment_history,employment_status,collateral_value,default
58,33024,44585,48,677,4,Self-employed,17400,0
48,63656,27958,32,487,1,Unemployed,40115,0
34,32285,27017,29,529,3,Employed,14249,0
62,97436,12171,16,418,3,Self-employed,46825,0
27,6605,46350,14,455,4,Unemployed,24600,0
40,76158,13201,34,764,4,Unemployed,37706,0
58,77303,30426,37,403,1,Unemployed,19222,0
38,32139,18778,48,801,1,Employed,99041,0
42,82149,46241,35,474,0,Self-employed,41139,0
30,61138,43229,30,720,3,Unemployed,41302,0
30,81125,22116,36,433,3,Employed,94684,0
43,18918,49364,32,690,4,Unemployed,87838,0
55,90655,34297,23,800,0,Unemployed,68159,1
59,32446,20342,52,332,3,Unemployed,8646,0
43,18046,28490,44,354,0,Unemployed,13543,0
22,29818,20975,15,818,0,Unemployed,94496,1
41,9324,27723,53,311,4,Employed,22785,1
21,81323,24279,18,827,0,Self-employed,78353,0
43,14111,13765,33,672,1,Self-employed,31406,0
63,43110,47678,44,783,1,Self-employed,88992,0
49,21389,12561,28,527,2,Self-employed,51428,0
57,46427,42899,35,606,4,Employed,23777,0
21,84579,1525,45,756,2,Employed,57939,0
40,33746,23861,39,459,1,Employed,53026,0
52,92886,34142,54,630,2,Unemployed,86450,1
31,5117,27916,52,524,4,Unemployed,29553,1
41,89471,45965,50,803,4,Unemployed,23548,0
63,18234,5648,33,755,0,Self-employed,63221,0
44,58441,36133,28,344,3,Unemployed,37265,0
68,5846,31523,45,513,0,Self-employed,40701,1
46,15954,30052,17,358,4,Unemployed,51287,0
61,84239,35414,57,494,1,Self-employed,6727,0
47,51514,33781,17,788,1,Unemployed,50717,0
35,93236,5599,45,456,0,Unemployed,32427,0
34,11469,36046,12,525,4,Employed,16692,0
66,35105,48064,21,711,1,Unemployed,31625,1
63,47101,36923,32,504,4,Unemployed,24918,0
22,69323,42089,16,378,1,Employed,41136,0
56,96922,4814,13,423,4,Self-employed,52409,0
26,63067,46893,33,770,2,Employed,15577,0
40,54376,36984,59,517,4,Employed,85155,1
28,50587,27616,13,815,4,Self-employed,99246,1
58,41976,3113,21,403,0,Unemployed,81731,1
37,72584,44006,45,692,2,Self-employed,27689,1
23,83477,14760,27,733,3,Unemployed,11154,0
44,47533,22927,59,630,0,Unemployed,94948,0
33,6828,21939,50,442,3,Self-employed,21341,0
69,6917,33419,33,839,1,Employed,97554,1
28,25618,13588,23,577,3,Self-employed,74681,0
45,37254,37142,35,532,4,Unemployed,46330,0
21,52362,40198,58,828,3,Self-employed,87759,1
39,25128,45738,51,389,0,Self-employed,68416,0
47,64383,34397,49,791,0,Unemployed,86807,0
66,70545,17653,21,498,3,Employed,33313,0
26,87180,11831,46,661,0,Self-employed,46900,0
63,92958,6724,43,740,0,Unemployed,78840,0
27,14865,12083,18,325,3,Unemployed,34695,1
66,7219,46917,32,324,2,Self-employed,30225,0
54,44809,20816,31,693,2,Employed,86072,1
33,10287,43240,37,806,1,Self-employed,96367,0
36,39387,7276,15,600,0,Employed,49156,0
55,13512,49403,57,638,3,Employed,77209,1
69,6342,39663,33,566,0,Employed,87453,0
59,68076,14994,26,760,4,Employed,27829,0
23,24216,24499,51,755,0,Self-employed,80908,1
21,98070,24040,32,659,0,Unemployed,25938,0
25,84767,44320,26,367,2,Unemployed,59164,0
61,31614,17959,33,711,3,Unemployed,54530,0
23,41258,7099,39,790,0,Unemployed,68199,0
48,98789,43267,25,348,2,Unemployed,60282,0
37,47078,20576,38,401,1,Unemployed,47801,0
45,88524,36946,52,515,2,Self-employed,9465,1
63,17219,7116,51,737,2,Employed,3326,1
53,5235,16563,39,458,2,Unemployed,3659,0
29,47929,27788,37,788,0,Self-employed,60289,0
55,72444,27928,13,541,0,Unemployed,27594,0
33,13567,37336,36,304,1,Unemployed,4763,0
50,75792,10847,14,660,4,Employed,88657,0
67,70441,27155,19,758,4,Employed,10828,1
34,89555,15135,55,547,4,Employed,47588,1
27,78698,18774,44,721,1,Unemployed,11221,0
33,10415,2742,53,314,4,Unemployed,11211,0
42,41159,19309,46,421,4,Unemployed,13569,0
59,48925,1619,17,576,2,Employed,96894,0
40,10951,18658,50,752,0,Self-employed,37860,0
35,92388,35707,34,689,0,Unemployed,71558,1
64,13007,21337,36,593,2,Unemployed,45337,0
37,46832,17001,54,745,2,Unemployed,52311,1
66,63596,1968,30,509,2,Self-employed,13515,0
43,35523,48614,16,601,0,Unemployed,71695,0
45,93861,26892,22,522,4,Self-employed,87227,0
44,91740,26619,23,302,2,Unemployed,24904,0
64,20524,1281,21,817,1,Self-employed,59935,0
60,24282,28420,19,392,2,Unemployed,43790,0
48,28930,16360,35,819,3,Employed,68580,1
34,5077,40030,39,727,2,Employed,75148,0
64,25611,2058,52,792,0,Employed,5636,0
20,21984,21677,47,534,2,Employed,77129,1
44,19060,11724,48,460,3,Unemployed,2892,1
26,87985,29404,32,630,1,Employed,21672,1
28,89056,38946,19,632,4,Self-employed,5812,0
43,48303,40748,20,349,2,Employed,96621,1
20,64207,30856,58,822,3,Employed,654,0
63,80046,10200,26,791,3,Employed,54633,0
27,34287,34997,59,571,1,Unemployed,17143,0
43,98709,26611,57,551,0,Employed,55934,0
30,44711,42235,51,389,2,Self-employed,67334,0
36,16954,36057,29,745,3,Employed,29087,0
27,78340,2239,53,631,1,Employed,11618,0
54,77101,39138,31,438,4,Employed,8446,0
54,76520,49938,17,656,3,Self-employed,87182,0
52,92062,1125,23,573,1,Employed,48867,1
24,23574,46272,13,318,0,Self-employed,51028,1
61,14184,24857,18,610,0,Self-employed,60101,0
58,24096,16398,27,453,3,Employed,27200,1
60,72728,7638,14,689,3,Self-employed,95107,0
47,39016,7570,56,559,2,Unemployed,88074,0
26,16246,4249,14,424,1,Employed,61465,0
28,50558,10110,38,653,3,Employed,86436,0
27,23381,41363,54,572,2,Self-employed,87892,1
31,41455,14605,51,544,2,Self-employed,88559,0
53,97263,13115,49,749,3,Employed,39148,0
52,9018,40062,44,546,0,Unemployed,82928,0
67,16302,23911,39,819,1,Self-employed,20698,0
42,72506,39525,12,440,1,Self-employed,42470,1
43,46157,33556,19,661,0,Unemployed,92071,1
56,59917,13595,48,307,3,Unemployed,51660,0
54,97738,2969,43,777,1,Employed,53910,1
63,88122,44753,59,651,3,Unemployed,35450,0
59,29519,18275,54,794,3,Employed,56463,1
41,92487,5470,48,726,2,Unemployed,33757,0
46,61819,11225,15,338,0,Self-employed,78012,0
54,85910,43324,41,486,3,Employed,70247,0
20,76324,42974,17,392,4,Employed,72015,0
54,10408,43759,57,385,0,Employed,31390,0
56,64379,24196,30,343,1,Unemployed,56116,0
66,30053,41287,43,436,2,Self-employed,13161,0
33,14446,14669,20,720,1,Employed,32152,1
22,5922,38380,23,373,1,Employed,80171,0
20,56356,46141,22,847,0,Employed,95833,0
24,15789,49320,57,811,1,Employed,20836,0
45,71656,48414,27,455,3,Self-employed,90367,1
33,49028,39006,12,554,1,Unemployed,66543,0
58,69484,16577,56,470,2,Self-employed,55648,1
46,37154,23473,32,469,2,Employed,26331,1
28,87870,29625,41,621,4,Self-employed,10763,0
34,7336,16504,24,755,2,Employed,69444,0
34,72779,25089,45,454,1,Unemployed,93109,0
45,24029,37487,15,648,2,Unemployed,19187,0
61,64201,1302,39,750,0,Unemployed,11957,1
32,37265,32463,49,472,2,Employed,4379,1
51,48872,45912,42,309,3,Self-employed,27959,0
58,51197,30259,38,564,0,Unemployed,82018,0
68,60180,43823,16,737,4,Employed,27105,1
51,28710,38208,36,546,3,Employed,877,0
23,34486,31659,14,845,1,Self-employed,48353,0
49,76907,36840,44,798,1,Unemployed,83788,0
56,76895,32890,15,428,1,Employed,96870,0
42,69435,14598,36,626,3,Self-employed,84585,1
58,45631,48055,31,703,3,Unemployed,83308,0
64,25103,47733,45,658,3,Self-employed,51567,0
34,69772,20508,37,316,0,Self-employed,57913,1
62,19382,43287,16,573,0,Employed,2637,0
48,89291,14380,46,415,1,Employed,72778,1
55,8756,27984,39,390,2,Employed,42025,0
32,25609,45633,40,381,1,Self-employed,99508,0
51,21478,9125,20,623,4,Employed,82464,1
26,44666,37059,49,413,0,Self-employed,28742,0
41,80683,5033,17,357,3,Self-employed,11831,0
47,76315,38873,30,453,0,Employed,85092,0
21,82834,18087,55,703,3,Unemployed,90879,0
61,19153,41901,22,565,4,Unemployed,88370,0
64,81325,6704,13,614,4,Unemployed,46762,1
25,17999,8848,58,340,0,Self-employed,98958,1
47,60318,22592,55,404,3,Self-employed,88741,1
47,5814,46743,55,492,4,Self-employed,18830,0
63,81077,7924,20,700,1,Employed,55044,0
63,95474,28208,32,577,1,Self-employed,73948,0
39,7443,20614,35,653,3,Employed,69202,1
49,80993,1488,45,555,0,Employed,37045,0
30,80916,40882,33,398,4,Unemployed,86322,0
47,78319,26923,14,581,0,Unemployed,71051,1
44,22368,49508,23,702,1,Unemployed,26627,0
58,20328,36941,39,408,4,Employed,15198,0
52,61942,30165,41,498,0,Employed,69521,1
20,96751,2667,37,602,2,Employed,29475,1
46,32306,27213,59,626,3,Self-employed,19403,0
32,90451,5114,32,453,3,Employed,3681,0
60,44915,37321,39,704,2,Unemployed,91555,1
22,42219,8761,37,761,1,Unemployed,93122,0
58,85879,32116,44,431,4,Employed,42292,0
25,69644,34768,32,383,3,Employed,5629,0
27,65279,49406,46,698,2,Unemployed,93246,0
46,58028,26426,45,408,2,Employed,95864,0
28,5126,18772,52,520,1,Unemployed,77814,0
56,57329,39218,58,667,1,Self-employed,8417,0
52,32632,4712,29,446,0,Unemployed,34765,0
61,70310,2367,22,411,3,Self-employed,74499,1
63,60176,41957,34,793,0,Employed,56574,1
43,91066,42781,59,804,2,Employed,90545,1
34,49327,27200,33,774,4,Self-employed,27675,0
51,73904,4726,28,570,4,Employed,72267,0
51,8797,24616,16,720,1,Self-employed,40563,0
43,52882,28723,55,666,4,Employed,11332,1
60,18718,38574,22,579,4,Unemployed,19177,0
68,39560,35958,41,582,4,Employed,89254,0
68,81589,10108,26,339,2,Unemployed,68447,1
31,27116,13178,38,488,4,Unemployed,57104,0
58,41244,36643,46,463,4,Self-employed,84335,0
21,6645,32324,44,835,4,Employed,80730,1
22,52523,39360,31,835,0,Self-employed,4951,1
68,24256,18824,27,303,2,Employed,28333,0
56,58173,46360,45,589,1,Unemployed,21673,1
68,42430,9927,13,732,0,Unemployed,40870,0
36,44282,29144,46,770,3,Employed,71101,1
68,68374,32010,51,480,2,Employed,22821,0
21,73244,23443,39,547,2,Self-employed,25494,0
21,16694,15437,58,578,3,Employed,99477,0
47,61264,45298,50,553,3,Employed,74160,1
42,80060,40778,17,480,3,Employed,835,0
56,62545,12207,20,808,1,Self-employed,18646,0
51,44224,26537,31,625,4,Employed,77360,0
52,18224,36757,12,656,2,Unemployed,37335,1
20,45738,13040,19,690,4,Self-employed,69351,0
38,30150,42986,34,384,4,Self-employed,2429,0
21,68731,23612,14,616,3,Unemployed,41950,0
63,54688,29441,15,511,1,Unemployed,60654,0
45,78509,7471,36,814,0,Unemployed,68143,0
51,13577,36631,58,683,1,Employed,91186,0
25,13070,44461,49,641,4,Unemployed,97889,0
51,13666,27523,26,337,1,Employed,77527,0
23,62761,32348,32,810,3,Self-employed,86704,1
30,41368,2177,46,719,0,Self-employed,31099,0
36,11783,5760,57,468,3,Unemployed,39385,0
57,46914,33779,25,642,0,Employed,35919,1
43,75507,22636,47,605,4,Unemployed,96952,0
24,84026,17353,23,841,0,Unemployed,60782,1
53,72526,12556,28,836,0,Employed,71116,0
25,75835,28598,50,411,0,Unemployed,72590,0
41,50765,12563,20,710,1,Self-employed,89626,0
30,24956,47819,46,505,1,Unemployed,40387,1
67,92895,44790,24,484,4,Employed,15823,0
35,51240,9234,26,681,0,Employed,46015,0
52,42148,26519,29,795,2,Self-employed,15339,1
28,99270,27966,44,678,4,Employed,3491,0
25,9757,17173,17,346,0,Employed,706,0
35,24097,27987,38,827,0,Self-employed,97493,0
48,15395,14178,34,803,1,Unemployed,15728,1
22,21241,40338,38,321,4,Self-employed,6997,0
39,32696,25596,45,512,0,Unemployed,60408,0
55,75480,34174,57,609,0,Self-employed,58097,0
38,51163,42974,49,571,4,Unemployed,38523,0
45,24816,5431,25,501,2,Self-employed,25163,1
22,54840,28764,47,331,4,Unemployed,17718,1
38,57853,22627,19,742,4,Self-employed,87508,1
39,29917,40310,46,461,2,Unemployed,83767,1
51,26566,9906,30,553,4,Self-employed,39619,0
26,80452,37914,41,820,0,Employed,12126,0
60,67823,45814,25,779,4,Unemployed,89131,1
52,25806,46379,31,309,2,Self-employed,64926,0
59,80520,14076,36,804,3,Unemployed,40633,0
58,6759,38650,51,735,4,Unemployed,77654,1
37,46949,47881,35,410,1,Self-employed,3317,0
59,97374,47413,25,452,0,Unemployed,44980,1
20,7482,7012,37,401,0,Self-employed,44115,0
30,29442,8151,49,490,1,Employed,61646,0
47,38719,29211,34,380,1,Unemployed,43158,0
44,63066,28117,33,788,4,Employed,55963,0
69,98501,37378,59,387,1,Unemployed,47631,1
42,7079,43652,30,493,3,Unemployed,49316,0
50,7717,7894,57,403,2,Unemployed,59342,0
49,64676,14467,14,395,1,Self-employed,15504,0
61,32952,32010,53,722,1,Employed,68593,0
54,91444,43641,30,497,3,Unemployed,26660,0
26,47460,13289,20,300,0,Self-employed,37196,1
35,95397,45976,39,706,0,Unemployed,65938,0
45,77847,44596,31,677,4,Self-employed,8605,1
67,98607,24171,56,466,3,Unemployed,57388,1
68,94106,35905,18,808,2,Employed,81297,0
21,23449,21829,25,612,2,Employed,55501,0
20,38536,35054,20,717,3,Unemployed,53309,1
67,69077,49478,30,776,2,Self-employed,27043,0
31,43258,45139,58,372,0,Unemployed,33635,0
24,53302,49713,25,440,2,Self-employed,79315,0
56,33865,30734,49,561,2,Unemployed,80691,1
51,11645,8052,47,639,3,Self-employed,33132,1
28,43000,4654,51,607,3,Employed,89387,1
60,31737,24486,28,544,2,Unemployed,15366,0
54,16485,19743,41,814,1,Employed,93944,0
38,43565,49368,20,636,3,Employed,72107,0
67,30522,25489,44,375,4,Unemployed,62580,0
35,70155,9636,36,474,4,Unemployed,57889,0
22,60168,7441,25,408,0,Self-employed,79553,1
39,57487,25611,22,482,2,Self-employed,39236,1
43,17342,43435,46,491,1,Employed,4150,0
52,45806,13149,52,364,0,Self-employed,19423,0
43,53770,35566,25,773,2,Self-employed,4137,0
30,83623,43368,41,399,3,Unemployed,29992,0
68,80629,22675,52,843,4,Self-employed,94438,1
27,57603,6495,15,427,1,Employed,44921,1
55,86974,43668,15,751,4,Self-employed,79369,0
57,31399,14673,39,668,3,Employed,66917,0
59,90382,12130,19,342,2,Unemployed,73690,0
39,86244,23668,13,718,3,Employed,34235,0
54,81534,16222,52,787,3,Self-employed,78975,0
67,60106,24669,57,377,4,Unemployed,19122,0
44,35678,35068,33,569,1,Self-employed,23956,0
54,81218,24253,52,614,3,Unemployed,63879,1
44,68230,10435,27,467,4,Unemployed,58560,0
48,79055,29552,40,638,1,Self-employed,82800,0
37,61373,38384,59,492,2,Self-employed,68685,0
65,36480,17393,41,752,2,Unemployed,24660,0
37,90230,11617,23,582,0,Unemployed,86064,0
21,73836,39520,46,635,4,Self-employed,1168,0
54,77258,10852,22,689,1,Employed,45124,0
35,44986,32401,57,824,3,Self-employed,35897,0
60,29160,7295,32,539,2,Unemployed,15032,1
55,90595,36993,32,782,1,Self-employed,52797,0
52,84111,35084,16,757,4,Employed,35294,1
23,69929,46105,59,388,0,Self-employed,43827,0
52,78506,40575,31,394,2,Unemployed,3516,0
33,39911,37451,48,751,1,Self-employed,19751,0
40,92127,8227,14,727,1,Unemployed,30373,0
67,36821,32910,55,450,1,Unemployed,30270,1
39,80039,37041,44,813,4,Self-employed,10386,1
27,65535,24384,20,675,4,Unemployed,64817,1
26,89458,1145,20,321,4,Unemployed,65184,1
22,17175,38778,15,612,3,Employed,79693,0
36,59771,17035,46,818,1,Employed,37879,0
52,91925,4040,28,505,2,Employed,49597,0
67,71358,43422,45,674,4,Employed,39132,1
31,22327,27160,35,750,4,Unemployed,3626,1
41,52057,18633,43,478,1,Self-employed,85936,0
41,11150,30344,12,509,4,Unemployed,81515,1
65,9425,18014,19,799,3,Unemployed,77065,0
49,21032,15996,56,763,3,Unemployed,55390,0
57,7198,42621,34,423,4,Self-employed,16645,0
57,65500,12695,58,412,1,Employed,91960,0
64,58394,3852,51,311,1,Unemployed,54144,1
27,25079,17014,23,425,1,Unemployed,13382,0
46,41220,28042,23,630,0,Employed,4025,0
46,46874,34755,57,582,4,Unemployed,43226,0
53,18859,41390,58,439,1,Self-employed,79380,0
40,55460,24711,26,700,3,Unemployed,69711,0
49,36419,27122,52,396,2,Unemployed,96055,0
52,13705,10160,30,816,2,Employed,74710,0
47,47880,28213,37,368,1,Unemployed,3443,0
66,28236,40420,40,417,2,Unemployed,21395,0
52,92955,8421,33,358,2,Self-employed,10725,1
24,90514,22400,51,332,0,Employed,33461,0
67,20358,34537,32,617,3,Employed,41115,0
38,99914,18727,49,349,3,Self-employed,96887,0
23,81918,47882,31,788,0,Unemployed,83732,0
54,19596,5358,40,318,0,Employed,79790,0
68,38572,29482,15,496,2,Employed,79557,1
36,83757,33117,18,749,4,Unemployed,71260,1
63,6279,24164,39,751,2,Unemployed,28690,1
47,68197,32910,39,588,0,Employed,1407,0
49,67516,33496,15,440,3,Unemployed,73568,0
48,12083,45311,33,383,2,Employed,58560,1
65,22771,30371,23,690,4,Unemployed,47340,0
25,34975,39467,56,514,2,Unemployed,17794,0
54,50648,18625,14,825,1,Self-employed,19881,1
60,53285,34893,33,514,2,Unemployed,86292,0
56,24063,11793,55,702,0,Self-employed,94952,0
43,72642,32007,13,427,3,Unemployed,49703,0
48,95093,26766,35,776,3,Employed,44354,0
68,91143,40532,45,703,0,Employed,91288,0
65,42599,13323,38,328,1,Unemployed,78462,0
50,56920,46799,52,637,0,Unemployed,99301,0
54,33529,47820,12,660,2,Employed,14390,0
52,40954,46408,19,691,0,Unemployed,87475,0
40,32856,8843,34,517,0,Self-employed,27307,1
51,7573,15210,49,501,1,Self-employed,96364,0
42,83344,17456,17,316,2,Self-employed,94049,0
52,40367,32367,33,621,4,Self-employed,24502,0
22,65774,11106,36,817,4,Self-employed,95599,1
37,28752,38957,29,624,3,Unemployed,22486,0
44,60029,3472,28,711,0,Unemployed,38258,0
61,22685,7704,23,617,3,Self-employed,57716,0
50,56693,4713,17,381,1,Unemployed,97228,1
22,60961,6051,37,773,4,Unemployed,81494,0
59,81908,11756,38,767,0,Self-employed,82768,0
65,79532,3475,19,724,1,Unemployed,10748,0
43,86994,37378,30,503,1,Unemployed,62785,0
69,61133,5255,53,686,0,Unemployed,76050,1
51,66268,15484,12,397,1,Self-employed,22738,1
66,97201,35503,40,644,0,Unemployed,74231,0
41,43243,9258,56,507,0,Employed,73606,1
42,62384,41747,46,813,2,Employed,93301,0
21,36653,36196,51,465,3,Self-employed,41662,0
46,31657,46113,25,321,1,Employed,96297,0
61,44952,41194,46,453,1,Self-employed,82234,0
21,27180,9533,59,738,2,Employed,15123,1
45,83411,33581,56,594,2,Employed,25616,0
36,6622,6249,31,518,2,Employed,11182,0
59,53756,20201,24,794,4,Self-employed,90369,0
52,45809,10686,49,529,4,Self-employed,98878,0
28,21725,47877,57,319,4,Unemployed,62013,0
62,66396,33007,19,447,0,Self-employed,31331,0
67,56226,1661,54,407,1,Employed,46098,1
58,86182,45843,31,702,3,Employed,26128,0
48,87565,31137,44,782,0,Self-employed,31556,0
61,34402,48556,37,666,1,Self-employed,87505,1
45,9263,43828,50,713,1,Self-employed,21876,1
54,51828,49604,32,608,2,Unemployed,8949,0
69,52924,11526,53,433,2,Employed,51962,1
44,79182,4374,54,582,0,Unemployed,90054,0
43,98065,26592,52,372,2,Unemployed,71206,0
32,64052,29982,20,780,1,Employed,24099,0
26,16664,1207,35,651,2,Employed,12716,1
55,40737,36433,48,625,4,Self-employed,52611,0
64,94563,24197,52,742,2,Self-employed,38885,0
39,34373,34400,28,399,1,Unemployed,53144,0
20,41397,4083,35,358,0,Self-employed,65220,1
27,91145,30328,32,807,3,Self-employed,7837,0
65,43709,47479,50,557,2,Employed,49355,0
35,66120,43891,52,712,1,Employed,47299,0
33,24250,21103,50,751,3,Self-employed,19159,1
31,26172,40891,24,364,3,Employed,51012,1
42,16555,11754,22,453,4,Self-employed,59305,0
34,92410,35447,57,565,3,Employed,87096,0
47,83617,16901,30,378,1,Employed,17106,1
53,58276,34004,22,614,1,Employed,58123,0
21,62492,8446,24,547,2,Employed,8720,1
51,58002,38211,57,713,2,Self-employed,37661,1
42,94599,49231,56,324,2,Unemployed,93898,0
41,77355,30301,12,583,3,Employed,93794,0
44,96248,27116,51,748,3,Self-employed,87318,0
41,29762,42323,55,600,4,Self-employed,21120,0
41,16046,19752,30,367,2,Employed,19790,0
68,33769,33376,23,306,0,Unemployed,58655,0
61,58302,17669,19,436,4,Employed,59643,0
25,28150,33916,19,463,0,Self-employed,93448,0
34,73247,14395,56,382,3,Unemployed,47374,0
62,9853,21421,23,719,4,Self-employed,42907,0
56,99613,27342,59,372,4,Employed,50071,1
52,94399,5895,44,536,1,Unemployed,34812,0
27,26792,12023,56,345,3,Self-employed,49570,1
63,64129,11699,37,561,3,Self-employed,50901,0
63,79478,10715,50,475,4,Self-employed,60186,0
24,72298,20169,39,465,3,Employed,50251,1
58,36987,17163,16,669,4,Unemployed,65171,0
23,20850,6782,19,353,1,Employed,36160,0
25,17112,23641,36,718,4,Employed,19156,0
64,29058,19792,38,806,3,Employed,76208,0
51,50420,36585,57,640,3,Unemployed,79980,0
49,43890,31682,34,426,4,Employed,72320,0
66,71017,48864,41,708,4,Employed,17929,0
54,52304,19880,56,666,4,Employed,66606,0
59,37921,39067,58,570,2,Employed,88442,0
35,6524,43685,34,678,3,Self-employed,62559,0
32,20048,19073,58,372,3,Employed,54205,0
69,40111,37035,31,547,2,Self-employed,68475,0
61,42904,38174,29,342,4,Employed,64341,1
49,59912,25837,29,676,1,Unemployed,95377,0
38,39008,18826,13,340,4,Self-employed,42863,0
36,5060,25981,15,469,4,Self-employed,81837,0
38,79666,11382,41,511,2,Self-employed,65439,1
47,88559,5437,44,792,3,Self-employed,7194,0
45,60337,6435,47,338,4,Unemployed,71387,1
56,18350,25819,29,668,3,Employed,81914,0
45,29354,37875,48,450,0,Self-employed,66214,0
42,50186,32982,30,410,3,Unemployed,96176,1
28,33145,34328,58,779,1,Self-employed,99292,0
31,39020,13329,39,735,1,Employed,29777,0
20,91123,26169,51,346,4,Self-employed,26183,1
20,80186,22932,31,665,3,Unemployed,27445,1
66,90469,35594,44,368,4,Employed,67038,0
53,25581,12421,23,598,2,Unemployed,87201,0
51,93929,46033,26,595,1,Employed,16198,1
67,28051,8629,52,502,4,Employed,21411,0
44,56474,9325,50,360,2,Employed,50577,1
59,96748,29495,13,613,4,Self-employed,15867,0
64,74626,32750,40,460,3,Unemployed,62501,0
20,11960,30619,52,630,3,Unemployed,14266,1
35,40772,41461,21,827,3,Unemployed,39422,0
58,26520,9264,13,637,3,Employed,35208,0
24,54481,13686,22,603,0,Self-employed,31213,0
41,41408,47484,24,802,2,Employed,7367,0
48,99006,25226,21,637,2,Unemployed,79026,0
22,62134,7721,25,849,3,Self-employed,35362,1
31,25491,21609,29,574,0,Self-employed,51588,0
45,6341,8373,20,463,3,Self-employed,38285,0
35,49623,39675,50,742,0,Unemployed,74755,1
56,95327,49895,39,618,3,Self-employed,71846,0
41,5338,29937,14,803,1,Self-employed,36307,0
48,76431,6656,31,686,1,Employed,95167,0
33,17254,9984,17,793,4,Employed,80280,1
47,56860,30984,38,789,3,Self-employed,19867,0
24,16344,9286,13,372,2,Self-employed,56523,0
66,6750,6901,40,808,4,Employed,84161,0
68,59756,32552,49,689,1,Employed,6378,0
49,72957,26709,14,594,3,Employed,84685,0
65,63053,32055,27,668,4,Unemployed,76958,0
24,75855,38685,41,848,3,Unemployed,27926,0
31,20896,9429,51,486,1,Employed,98707,1
35,60761,15716,13,744,4,Self-employed,13180,0
45,67552,49563,28,662,1,Employed,92837,0
45,82454,12138,52,422,0,Unemployed,36931,0
67,95600,36298,23,487,1,Self-employed,24014,0
40,32935,24429,46,719,3,Unemployed,96472,0
58,42641,6772,54,551,2,Self-employed,79872,0
55,34711,49244,12,848,1,Unemployed,58502,0
52,75342,49519,56,634,2,Self-employed,87736,1
49,17182,36732,26,391,0,Self-employed,5470,0
56,92833,40905,37,829,4,Self-employed,96395,0
42,61276,18347,48,362,4,Self-employed,14953,0
29,24541,17920,32,811,2,Unemployed,38507,0
24,99457,32822,42,438,4,Unemployed,92969,0
55,87310,47659,36,484,1,Self-employed,91493,0
53,49813,41108,34,504,2,Self-employed,6523,0
50,42198,24563,35,513,3,Unemployed,86923,1
29,13820,8967,49,555,1,Self-employed,57190,0
38,29070,46183,39,434,1,Self-employed,47761,0
51,74768,12871,32,387,1,Self-employed,31169,0
20,16122,29763,54,506,3,Employed,45641,0
24,85559,12916,29,428,0,Self-employed,22990,0
64,78543,9734,47,302,4,Employed,29661,1
23,88441,34613,46,420,2,Self-employed,13419,0
35,46786,29179,56,684,0,Unemployed,14457,1
43,99934,36262,20,337,2,Employed,67600,1
35,11737,13677,49,640,4,Employed,76102,0
21,41062,19268,41,320,3,Self-employed,33085,0
68,59237,13330,55,541,1,Self-employed,97064,0
47,56571,21733,45,754,1,Employed,50654,0
51,30510,38947,43,602,3,Unemployed,6130,1
46,24426,28286,14,368,0,Unemployed,2042,0
39,42265,7610,14,428,0,Self-employed,70134,1
43,22850,7430,39,495,2,Unemployed,42982,0
31,71150,40922,55,439,3,Unemployed,98422,1
69,92312,14828,26,743,0,Self-employed,65185,1
54,94613,43913,52,582,3,Unemployed,33477,0
52,79910,32497,34,611,4,Self-employed,52709,0
52,57375,40256,51,834,1,Employed,28716,0
62,40435,37618,22,576,1,Self-employed,78137,1
56,62132,47332,59,360,1,Employed,36018,1
31,83945,27526,43,618,3,Employed,8061,1
22,87050,31158,47,351,3,Unemployed,8609,0
20,7983,26032,44,452,2,Unemployed,35371,0
52,25662,38846,35,610,1,Unemployed,83021,1
59,28510,45936,50,843,2,Self-employed,20805,0
29,83187,30794,45,688,1,Unemployed,7857,1
62,45998,6448,39,847,2,Employed,11620,0
63,61846,29861,48,476,2,Unemployed,8177,0
48,99071,29141,18,661,4,Unemployed,30111,0
32,11640,10074,15,613,2,Self-employed,88578,0
31,49547,7406,48,396,3,Self-employed,84181,0
50,59620,32823,12,512,2,Employed,89941,0
65,20317,24291,12,436,1,Self-employed,11826,0
21,12564,42568,58,305,2,Unemployed,13890,0
69,32345,33003,31,408,0,Self-employed,82428,0
54,99223,47851,30,846,1,Employed,58031,1
42,84273,35406,40,338,0,Unemployed,75020,1
36,79859,24312,21,724,1,Employed,5495,1
45,85765,44108,29,560,3,Self-employed,28481,1
27,79038,2382,39,725,3,Self-employed,11267,0
48,57393,35171,46,386,3,Employed,6743,0
45,71081,42779,54,764,0,Unemployed,54800,0
29,34430,4292,58,375,4,Self-employed,48773,1
45,80532,42779,42,770,1,Self-employed,57042,0
53,32788,34187,38,713,3,Unemployed,49476,0
60,53543,13411,22,756,1,Self-employed,92105,1
26,18919,38285,49,584,0,Employed,28552,0
23,74346,16422,16,538,4,Self-employed,65242,0
69,44974,43468,19,671,0,Self-employed,45772,0
64,21371,33371,45,794,1,Unemployed,43730,0
30,50084,6693,59,344,4,Employed,28948,0
48,34629,34535,23,700,4,Unemployed,76311,0
55,56184,15818,49,546,0,Self-employed,69093,0
44,66916,32238,12,749,3,Self-employed,69123,0
40,78972,31874,42,784,1,Unemployed,16535,1
55,67187,27715,15,317,2,Unemployed,66490,1
29,17984,28605,56,588,2,Unemployed,46562,0
56,38039,35317,16,713,0,Employed,89080,1
28,90431,32174,41,534,1,Self-employed,58535,0
43,88691,10956,35,715,1,Unemployed,98991,0
54,63606,39908,14,798,0,Self-employed,41269,0
68,15616,11837,22,414,1,Employed,80674,0
54,55072,4716,56,533,3,Employed,42462,0
67,29574,5481,15,839,0,Employed,3127,0
55,8430,25282,37,310,3,Employed,23147,0
37,17676,7548,38,505,1,Self-employed,45528,1
68,15816,38605,57,546,0,Employed,77095,0
58,37733,8758,54,426,1,Employed,68931,0
51,90680,44668,38,446,0,Unemployed,90925,0
43,7050,24177,53,417,1,Employed,66381,0
42,38933,25022,17,681,3,Unemployed,99468,0
51,29951,41761,26,711,3,Employed,63749,0
56,37413,6542,41,662,1,Employed,38672,0
31,39801,26476,53,808,0,Unemployed,13731,1
68,60619,31784,48,436,2,Employed,54512,0
32,37913,23740,48,474,3,Self-employed,98658,1
42,45600,25817,53,588,3,Self-employed,51024,0
44,62775,48596,48,780,2,Employed,3832,0
54,95816,17052,46,318,1,Self-employed,32332,0
60,95093,36153,34,494,0,Unemployed,12467,0
49,40400,48076,17,629,1,Employed,41025,0
36,9494,1671,15,474,4,Employed,13107,0
68,85688,1163,29,748,3,Unemployed,77994,1
39,94431,42424,20,653,4,Unemployed,94202,1
67,79691,45002,40,798,3,Unemployed,43481,0
44,48001,5795,24,440,3,Employed,2581,0
41,72364,11634,58,392,4,Unemployed,75118,0
32,50028,5798,28,538,4,Unemployed,51638,0
38,42573,23420,56,504,1,Self-employed,8418,1
68,5806,30300,43,732,4,Self-employed,93627,1
55,61638,25345,59,544,1,Employed,29113,1
31,34757,11749,33,616,1,Self-employed,84363,0
60,39636,39595,15,594,1,Self-employed,63044,0
38,85097,26121,16,581,3,Unemployed,79955,0
31,53280,38487,48,316,3,Unemployed,61030,1
28,29262,29411,52,370,4,Self-employed,11814,0
26,85435,34361,24,568,3,Self-employed,99340,0
47,67211,22223,45,624,4,Self-employed,10024,0
33,59842,8394,56,604,3,Employed,63288,1
50,61979,15056,33,750,0,Employed,57836,0
38,86470,29380,34,306,0,Employed,7435,0
66,43197,27035,14,613,4,Self-employed,67084,1
35,46844,31620,53,402,3,Self-employed,70601,1
24,69754,20877,45,492,3,Employed,88416,0
54,39157,44404,43,828,1,Employed,3407,0
31,82129,31911,56,470,2,Self-employed,98943,1
44,45042,33784,32,836,4,Unemployed,32940,1
40,66665,4191,57,550,2,Employed,5666,0
55,87856,34160,55,686,2,Self-employed,37122,0
42,32376,26000,32,506,4,Self-employed,25092,0
35,60554,40040,55,840,3,Unemployed,75645,1
58,19199,4631,22,715,4,Self-employed,26505,0
64,86412,7172,50,679,2,Self-employed,36713,0
61,55948,43080,15,443,3,Employed,54387,0
58,78781,24561,12,324,0,Employed,43169,1
33,77750,25817,39,372,4,Unemployed,73282,0
50,71262,21281,35,392,4,Unemployed,77511,0
24,51600,29671,46,804,3,Self-employed,51742,0
54,81898,26364,24,635,0,Employed,40522,0
42,67483,42674,58,724,0,Unemployed,81132,0
48,23297,28425,45,798,3,Unemployed,99397,1
62,35448,29602,22,663,1,Unemployed,3880,0
30,31172,24253,47,498,4,Self-employed,43454,1
37,47874,24472,28,712,4,Employed,55711,0
66,12657,9080,46,638,2,Unemployed,43539,0
31,89386,8099,29,728,3,Employed,68321,0
28,30425,26431,51,438,2,Unemployed,87985,0
29,31685,32186,33,841,2,Unemployed,14799,0
63,29578,48684,35,356,0,Employed,60102,1
36,33831,31111,30,531,4,Employed,50726,1
57,12906,40851,48,734,2,Employed,48784,0
26,66413,23614,50,683,0,Self-employed,43333,1
65,59028,27724,32,493,3,Unemployed,40828,0
32,12287,42991,19,833,2,Self-employed,69526,1
59,38660,5940,39,817,4,Employed,54362,0
61,80758,29758,16,484,2,Unemployed,53997,0
28,65504,37224,28,591,3,Self-employed,50341,1
69,64720,8788,48,634,2,Unemployed,19073,0
46,39701,29082,47,415,4,Self-employed,14549,0
21,88300,25034,30,348,0,Employed,83795,0
24,22674,36479,38,381,4,Self-employed,56920,0
48,88560,12280,45,632,0,Unemployed,85326,1
56,28874,19052,22,634,1,Unemployed,75515,0
57,48642,17531,56,831,4,Unemployed,20316,1
38,70160,23804,58,520,4,Unemployed,26183,0
27,22602,29903,23,622,3,Employed,93860,0
67,93801,45857,32,302,2,Self-employed,24624,1
64,30931,11142,22,505,0,Employed,62515,0
20,99377,49355,50,339,0,Employed,85781,1
41,34192,10866,39,358,3,Employed,46705,0
36,51542,5531,16,806,3,Unemployed,89326,0
26,47520,46454,28,421,2,Unemployed,26756,0
44,69772,39098,31,778,2,Unemployed,60390,0
64,63762,39278,52,395,4,Self-employed,68369,0
23,55106,29138,57,713,1,Unemployed,70821,1
55,86121,28065,23,534,2,Self-employed,9589,0
25,30559,30956,17,361,3,Unemployed,14116,0
50,38742,42732,28,555,2,Unemployed,73181,0
38,74669,40261,30,647,0,Employed,44786,0
63,85199,11759,37,423,1,Employed,94686,0
58,26754,6439,59,781,4,Employed,76425,1
46,8972,48241,55,616,0,Self-employed,30286,1
29,75831,43533,55,803,0,Self-employed,15994,1
45,46873,29270,43,347,1,Unemployed,90198,1
38,99661,14279,17,708,4,Self-employed,26639,0
58,14903,40279,47,435,3,Unemployed,17205,1
22,8020,45251,49,500,4,Self-employed,56677,0
64,46755,24888,22,549,2,Self-employed,32930,0
32,90956,18630,44,613,0,Self-employed,73313,0
69,91988,36144,35,667,2,Employed,93851,0
47,50648,32182,34,728,3,Self-employed,92509,1
39,14516,26538,26,779,2,Employed,18316,0
47,7396,12824,38,613,4,Employed,27304,1
27,89082,33125,22,799,2,Self-employed,96058,0
60,24129,7979,28,654,3,Unemployed,87876,0
58,6591,27189,25,784,3,Unemployed,85366,1
20,16303,43600,38,510,3,Unemployed,13403,0
22,35561,13504,29,343,4,Self-employed,80052,0
32,76719,21669,39,840,3,Unemployed,84627,0
47,97108,7910,58,391,0,Employed,73495,0
68,91231,47857,58,564,3,Unemployed,31932,0
44,12314,35964,15,519,2,Self-employed,96090,0
52,24623,21131,18,741,2,Unemployed,36701,1
57,72675,26227,56,700,2,Employed,3385,1
25,70082,6978,46,699,4,Self-employed,99226,1
63,88624,22991,59,789,2,Unemployed,57241,1
64,38130,18153,20,784,4,Self-employed,10367,0
51,56756,34548,19,769,4,Self-employed,65030,0
64,31292,43676,56,744,3,Self-employed,46505,0
66,91206,40071,28,568,0,Unemployed,33332,0
40,74274,48454,28,566,3,Self-employed,85178,1
35,7469,4983,44,353,3,Unemployed,76325,0
40,58947,10503,43,827,4,Employed,35268,0
30,27534,30921,19,819,4,Unemployed,86486,0
56,68620,17905,30,358,2,Employed,25563,0
55,53874,46838,49,339,2,Unemployed,36404,0
54,54708,24953,14,536,3,Self-employed,55182,0
38,79553,27806,16,685,1,Unemployed,32991,0
39,73344,46000,24,599,1,Self-employed,47663,0
37,54138,23168,58,694,2,Employed,65886,0
66,59302,5583,57,506,1,Unemployed,83848,0
60,52638,39714,42,635,2,Self-employed,24127,1
68,83249,40896,27,813,4,Employed,57692,0
33,7719,12889,43,477,3,Employed,94389,0
34,27890,28413,33,695,0,Unemployed,37500,1
50,82236,13275,40,670,3,Employed,33785,0
20,41509,3461,33,617,2,Self-employed,84146,1
22,47534,15291,54,668,2,Employed,89126,1
35,97241,47804,14,683,3,Employed,94979,0
42,23787,12435,21,361,2,Self-employed,47997,1
30,53845,28935,53,804,1,Employed,7170,1
31,62932,34453,32,538,1,Employed,13303,0
29,97124,19544,27,494,2,Employed,71743,0
51,96659,13258,23,521,2,Employed,77852,1
35,38062,31841,13,360,1,Self-employed,35187,1
27,80713,49758,52,428,2,Employed,65034,0
57,92263,11736,35,455,2,Self-employed,71776,0
31,65461,38643,46,677,3,Employed,1893,1
43,80418,44950,41,736,0,Employed,13753,0
47,71672,35964,41,506,1,Employed,38090,0
27,39832,29044,58,687,3,Employed,64922,1
47,36966,40933,46,779,0,Self-employed,76768,0
55,77545,16997,30,639,2,Self-employed,59412,0
45,17987,15215,19,639,2,Self-employed,56030,1
27,42311,34069,37,503,3,Unemployed,17509,1
69,36575,24911,51,460,2,Employed,68653,0
47,68852,18030,18,839,4,Employed,36929,0
47,6007,30334,41,691,3,Self-employed,48291,0
56,75981,15571,18,833,0,Unemployed,4042,1
60,81242,43719,14,369,3,Employed,62574,0
55,52517,29927,12,704,1,Self-employed,37201,0
46,34257,21714,47,816,3,Employed,92282,0
36,92272,44541,36,419,2,Employed,14016,1
28,47207,24387,48,516,2,Self-employed,25022,0
52,18281,29444,12,355,4,Self-employed,27938,0
39,66246,49908,26,665,4,Employed,43678,0
32,6435,20921,48,803,4,Employed,61720,1
47,96357,14057,24,754,0,Self-employed,56805,0
67,31660,46268,51,403,4,Employed,74323,0
48,10084,25858,19,376,0,Employed,1986,0
32,87197,49689,16,529,4,Self-employed,76478,1
65,18507,45638,20,557,0,Employed,82994,0
54,77595,27062,12,563,3,Employed,12161,0
25,88807,37850,47,630,3,Unemployed,20689,0
37,50539,47486,46,481,2,Self-employed,94699,1
24,12491,21567,13,849,0,Unemployed,60924,0
66,55192,30739,51,326,1,Unemployed,99273,1
44,85395,44285,34,575,2,Unemployed,74308,1
21,68888,4754,20,598,3,Employed,63745,0
29,78609,28044,45,390,0,Employed,1211,0
49,14077,2724,57,779,4,Unemployed,229,0
69,25953,2376,25,757,1,Unemployed,48542,0
64,81919,9706,15,750,3,Unemployed,14345,0
24,72889,9894,41,664,2,Employed,31819,0
52,28821,19037,42,650,0,Unemployed,47779,1
20,42567,19450,49,699,1,Unemployed,82421,0
37,29860,17406,22,552,0,Self-employed,92244,1
51,26195,30725,46,758,4,Self-employed,65584,0
66,82475,6926,19,798,2,Employed,19950,0
68,95874,40019,14,807,0,Self-employed,15173,1
30,92266,10496,25,603,3,Self-employed,58032,0
40,26427,37068,24,800,2,Self-employed,99273,1
45,32083,30806,56,465,3,Employed,28036,0
44,92046,23663,43,714,0,Self-employed,71356,0
41,62372,42321,45,761,2,Employed,14292,1
46,49064,37495,56,413,3,Unemployed,3052,0
68,12813,23656,30,732,4,Self-employed,44377,0
32,36598,26860,49,655,4,Employed,89317,1
52,98106,17832,27,506,0,Self-employed,67838,0
53,32082,39787,13,534,2,Unemployed,67819,1
60,34241,49231,51,741,1,Employed,15620,1
54,49569,22727,28,654,2,Employed,30461,1
20,16745,43815,45,814,4,Employed,20750,0
40,31029,30545,53,507,3,Unemployed,98426,0
67,18025,45522,27,424,1,Unemployed,88719,1
25,19288,3520,49,437,0,Unemployed,9472,0
47,94186,4081,13,638,1,Employed,69263,0
36,11540,35196,13,836,0,Unemployed,57602,0
24,86958,37735,37,367,1,Self-employed,25523,0
50,73878,40213,24,840,0,Unemployed,30766,1
24,46846,15566,58,682,0,Employed,66060,1
57,80932,15042,42,318,1,Self-employed,9079,0
22,22482,26498,45,749,1,Unemployed,8399,0
42,28411,12329,50,373,0,Self-employed,60726,1
56,55975,32656,14,575,4,Self-employed,92906,0
56,65545,3159,19,347,1,Employed,16532,1
29,83797,38900,34,510,2,Self-employed,82357,0
29,57307,20363,25,839,3,Self-employed,43162,0
38,8093,48701,38,490,0,Employed,3749,0
36,82258,44241,40,614,0,Employed,11353,1
40,27042,20033,50,412,3,Employed,28477,0
33,57930,11805,50,469,4,Self-employed,24570,0
28,49413,36851,12,767,3,Self-employed,86373,0
65,98623,27832,28,313,1,Self-employed,11437,1
20,38756,14944,52,587,3,Employed,38104,1
64,58268,20873,41,488,0,Unemployed,63370,0
32,44214,41372,24,454,3,Self-employed,4551,0
23,86871,24928,32,770,2,Unemployed,68359,0
20,33602,16379,30,374,1,Employed,54880,0
68,58331,37751,30,576,3,Self-employed,12916,0
59,53901,35546,36,642,0,Unemployed,80703,0
51,68416,25286,33,724,1,Self-employed,41445,0
53,37196,6110,42,810,0,Self-employed,47636,0
47,10626,13087,28,481,4,Self-employed,73927,0
50,12424,24762,34,757,2,Unemployed,78194,1
27,17857,18081,43,363,4,Employed,29685,0
58,24982,35947,21,559,2,Self-employed,51134,0
45,81961,10596,21,492,3,Employed,88916,0
53,6980,39019,47,705,1,Employed,94455,0
22,53290,43003,19,392,3,Unemployed,67847,0
69,31431,19313,31,729,2,Unemployed,39993,1
31,89976,48639,43,733,2,Employed,44333,0
20,87711,2013,25,703,2,Self-employed,58865,0
63,31385,24705,39,733,0,Unemployed,79096,0
24,43158,2828,57,411,1,Self-employed,49756,1
49,28019,8909,35,674,3,Self-employed,61192,0
49,23639,39356,26,358,3,Self-employed,60686,0
36,90530,14109,33,342,4,Employed,48733,0
67,26563,3023,41,506,2,Self-employed,25993,0
66,44341,15537,15,595,2,Employed,30492,1
42,10776,27661,24,417,2,Employed,20981,1
34,41444,39659,34,831,3,Self-employed,24143,0
56,73916,34848,19,521,4,Self-employed,77603,0
40,13711,38804,29,465,0,Self-employed,89452,1
33,79318,16379,23,455,1,Self-employed,60277,0
21,87970,28766,42,483,0,Employed,49990,0
30,90553,44590,25,389,3,Self-employed,62888,1
58,35707,3563,45,393,2,Self-employed,69351,1
57,44110,37060,29,312,1,Employed,97372,0
53,66788,30197,45,737,3,Unemployed,49999,0
57,87879,4586,22,837,3,Unemployed,70309,0
69,43827,17087,52,449,3,Employed,12446,1
53,10655,49868,23,307,1,Unemployed,30733,0
37,49859,24225,26,328,1,Employed,76000,0
49,58625,30750,42,595,4,Self-employed,48632,0
34,57098,7643,40,639,4,Self-employed,21576,0
46,20251,28523,37,738,0,Unemployed,3320,0
53,5526,37727,29,443,1,Self-employed,10750,0
57,73760,12005,43,818,1,Unemployed,53463,0
52,52837,44543,33,344,1,Unemployed,26572,0
43,16536,1161,49,538,4,Self-employed,17948,1
34,33541,17029,28,454,3,Self-employed,38826,0
49,84083,15226,34,480,2,Unemployed,89051,1
61,56027,29731,35,514,4,Self-employed,27867,1
36,39531,44922,19,387,1,Employed,60231,0
24,13712,45848,52,555,4,Self-employed,66262,0
48,70455,4390,17,810,0,Self-employed,91356,1
23,79744,6997,16,372,1,Employed,72233,0
29,10109,13693,55,478,0,Self-employed,44678,0
36,54268,43092,40,511,1,Self-employed,12963,0
29,59615,1541,39,533,4,Unemployed,64360,0
36,87503,22817,22,764,3,Self-employed,49434,1
39,34759,38861,12,522,2,Self-employed,66617,1
43,90708,14428,54,563,0,Employed,20269,1
24,65112,44934,30,506,4,Unemployed,76312,0
53,31589,49831,20,665,3,Unemployed,97352,0
25,35015,11258,38,575,4,Unemployed,79732,0
21,34009,17044,45,679,0,Self-employed,81494,0
32,88309,30411,55,608,2,Unemployed,88905,0
62,67046,6469,15,567,4,Employed,77225,0
62,31143,29854,47,363,1,Unemployed,82867,0
67,11154,7256,29,649,3,Employed,37528,0
30,26804,11720,26,793,4,Unemployed,78972,0
66,46688,34937,24,822,3,Unemployed,65602,0
42,69288,34598,30,397,1,Employed,96261,0
35,56195,2651,17,370,2,Unemployed,90748,0
50,25581,20194,59,663,2,Unemployed,33332,0
30,57648,26051,23,575,1,Unemployed,90937,1
35,35087,28386,48,349,3,Self-employed,78929,1
27,54930,10518,28,657,4,Employed,69206,1
23,37981,47026,34,784,1,Unemployed,91137,0
59,74298,17184,37,383,0,Employed,2251,0
23,51167,34787,40,595,3,Employed,45717,0
44,80304,22621,44,535,2,Employed,99108,1
22,48408,11028,38,355,1,Unemployed,27027,0
51,44499,13448,36,659,2,Unemployed,97382,1
22,57269,46253,21,409,3,Employed,86551,0
46,43559,35051,58,491,2,Self-employed,9583,1
48,79319,31447,34,392,1,Employed,50387,1
51,53787,19394,32,359,3,Self-employed,23104,0
69,40488,35501,32,338,0,Employed,12224,0
38,79441,31254,54,839,1,Employed,60624,0
40,79663,19509,24,348,4,Employed,56058,0
24,27431,49998,48,719,1,Unemployed,96372,0
37,66681,15472,44,312,3,Self-employed,29299,0
47,68483,46657,35,335,1,Self-employed,78572,0
61,54153,4471,55,400,0,Employed,85469,0
41,11368,42796,22,385,0,Unemployed,77928,0
40,32424,31268,28,815,4,Unemployed,73474,0
25,50004,9329,15,522,2,Self-employed,4141,0
20,88869,35865,58,637,3,Unemployed,23350,0
24,93652,47850,36,465,3,Self-employed,75082,1
60,61985,47698,41,682,2,Self-employed,70871,0
31,55069,29272,20,675,0,Self-employed,5077,1
45,57326,43845,32,770,0,Unemployed,46015,0
65,86061,7397,31,330,1,Self-employed,71147,0
53,28398,33373,30,674,4,Self-employed,59180,0
68,55861,36525,30,310,4,Employed,40857,0
33,80897,25570,23,601,4,Self-employed,59840,0
45,86905,19284,48,395,1,Self-employed,59902,0
64,73577,19994,53,489,4,Employed,5577,0
46,70641,24284,28,752,2,Employed,20002,0
28,14078,18833,48,491,1,Unemployed,50711,0
45,30003,26122,59,785,2,Self-employed,39451,1
66,67768,6017,50,565,1,Unemployed,99811,0
41,56047,17370,39,723,4,Unemployed,49103,0
66,76626,30252,52,427,2,Employed,28647,1
49,62660,8999,46,537,2,Unemployed,34831,0
62,54786,23436,58,654,2,Self-employed,96498,1
67,6925,43963,59,411,1,Employed,95119,0
36,88976,3096,29,745,3,Self-employed,66830,0
45,31015,49201,25,642,4,Self-employed,80632,1
55,38320,26279,46,444,2,Employed,36833,0
20,69881,44363,55,364,3,Self-employed,92864,1
27,95827,49709,52,546,4,Employed,24398,0
68,31289,27201,18,789,4,Self-employed,61554,0
54,8389,20715,52,738,2,Employed,50755,1
34,30683,30309,24,405,2,Unemployed,17706,0
66,18629,16078,29,480,1,Self-employed,22340,1
41,66550,6105,48,483,3,Employed,64994,0
33,29826,30312,24,525,3,Self-employed,63884,0
45,31630,3839,47,388,2,Self-employed,84361,0
47,51163,4384,42,829,4,Self-employed,17482,1
42,71435,44619,13,670,2,Employed,54225,0
33,16653,43821,27,698,4,Unemployed,58849,0
43,32961,14493,20,405,4,Unemployed,74854,1
21,86941,18069,20,570,2,Unemployed,41256,1
64,79137,47907,49,802,0,Employed,81110,0
45,38662,8531,22,824,3,Unemployed,14650,0
33,61446,38051,33,331,4,Employed,46118,0
26,26288,8736,44,692,4,Self-employed,28930,0
22,41877,8710,47,339,0,Self-employed,85707,0
66,20313,2619,56,517,1,Unemployed,11801,0
42,85885,14975,34,381,0,Employed,51360,0
65,77715,46603,56,500,0,Self-employed,87908,1
62,15326,24252,56,746,4,Employed,16559,1
66,6560,16261,45,727,3,Employed,32334,0
64,84148,2431,20,337,0,Self-employed,13288,0
37,88186,10067,35,510,1,Employed,22398,0
57,31745,38481,19,743,2,Self-employed,76230,0
54,36890,28037,18,626,0,Self-employed,12191,1
34,25022,10557,47,526,0,Self-employed,18051,0
44,57579,10435,29,347,1,Employed,61715,0
56,75316,38766,14,317,3,Self-employed,10737,0
47,88847,1162,39,738,0,Employed,65140,0
29,33380,35742,17,486,0,Self-employed,25251,0
58,7356,20675,55,644,3,Self-employed,50975,0
36,75326,9461,55,523,1,Unemployed,5147,0
58,97447,18015,32,787,0,Unemployed,50508,0
41,94899,33591,39,528,3,Unemployed,52224,1
45,25049,29047,51,689,0,Employed,19643,1
63,80717,35782,12,487,2,Employed,38967,0
44,21082,10833,47,569,4,Self-employed,98850,0
36,5661,8896,32,609,2,Self-employed,40733,0
32,42412,33972,54,431,0,Self-employed,84003,0
39,7920,42800,46,371,1,Self-employed,34808,0
44,96194,31508,24,486,4,Employed,67288,0
23,65315,6347,21,785,2,Self-employed,58959,0
29,84561,31314,55,490,3,Self-employed,1849,0
22,13946,3643,58,721,1,Unemployed,68178,0
60,99242,41785,21,419,2,Self-employed,67136,0
64,50500,19681,57,519,3,Self-employed,60740,1
37,21309,39328,24,352,0,Self-employed,86322,0
66,60230,16892,48,750,3,Employed,44565,0
55,35027,48299,49,711,2,Unemployed,20183,0
66,77541,18073,35,536,2,Self-employed,1132,1
41,64321,37768,13,705,0,Self-employed,38259,1
53,5956,31682,33,721,3,Unemployed,96612,1
66,79131,33262,28,546,3,Self-employed,63668,0
27,52908,32358,47,371,0,Employed,38563,0
59,83339,15289,25,484,3,Self-employed,92227,1
68,30963,8927,21,305,0,Employed,10931,0
63,44443,49330,46,505,1,Employed,73169,0
38,44063,2171,36,843,2,Self-employed,50639,1
61,85818,12918,14,686,1,Unemployed,58901,0
60,9703,42903,58,375,4,Employed,1044,0
56,70128,40110,49,476,4,Unemployed,46691,0
25,77099,12929,28,648,4,Self-employed,24363,0
45,30849,3539,23,554,0,Employed,46694,0
53,36860,37727,35,607,3,Self-employed,1582,0
64,36585,46951,40,644,1,Unemployed,79910,1
25,27015,23669,54,426,1,Self-employed,66844,0
56,82539,6432,36,586,1,Self-employed,21301,1
